"CCB","Aizenberg Group","Physical/Chemical Physics|Materials|Biophysics","http://www.seas.harvard.edu/aizenberg_lab/research.html"
"CCB","Anderson Group","Physical/Chemical Physics|Energy Related","http://www.arp.harvard.edu/"
"CCB","Aspuru-Guzik Group","Theoretical|Physical/Chemical Physics|Materials|Energy Related","http://aspuru.chem.harvard.edu/"
"CCB","Balskus Group","Organic|Chemical Biology|Bioorganic","http://scholar.harvard.edu/balskus/pages/research"
"CCB","Betley Group","Organometallics|Inorganic|Energy Related","http://www.chem.harvard.edu/groups/betley/home.html"
"CCB","Cohen Group","Theoretical|Physical/Chemical Physics|Biophysics","http://www.people.fas.harvard.edu/~aecohen/"
"CCB","Evans Group","Organic","http://www.chem.harvard.edu/faculty/evans.html"
"CCB","Friend Group","Physical/Chemical Physics|Materials|Energy Related","http://seas.harvard.edu/friend"
"CCB","Gordon Group","Theoretical|Physical/Chemical Physics|Materials|Energy Related","http://www.chem.harvard.edu/groups/gordon/index.html"
"CCB","Heller Group","Theoretical|Physical/Chemical Physics|Materials","http://monsoon.harvard.edu/"
"CCB","Holm Group","Inorganic","http://www.chem.harvard.edu/groups/holm/"
"CCB","Jacobsen Group","Organic","http://www.chem.harvard.edu/groups/Jacobsen/index.html"
"CCB","Kahne Group","Organic|Chemical Biology","http://www.chem.harvard.edu/groups/kahne/"
"CCB","Lieber Group","Physical/Chemical Physics|Materials","http://cml.harvard.edu/"
"CCB","Liu Group","Organic|Chemical Biology|Bioorganic","http://evolve.harvard.edu/"
"CCB","Myers Group","Organic","http://www.chem.harvard.edu/faculty/myers.html"
"CCB","O'Shea Group","Chemical Biology|Biophysics","http://mcb.harvard.edu/o'shea/"
"CCB","Park Group","Physical/Chemical Physics|Materials","http://www.people.fas.harvard.edu/~hpark/index.html"
"CCB","Ritter Group","Organometallics|Organic","http://www.chem.harvard.edu/groups/ritter/"
"CCB","Saghatelian Group","Chemical Biology|Bioorganic","http://web.me.com/saghatelian/Saghatelian_Lab/Home.html"
"CCB","Schreiber Group","Organic|Chemical Biology|Bioorganic","http://www.broad.harvard.edu/chembio/lab_schreiber/index.html"
"CCB","Shair Group","Organic|Chemical Biology|Bioorganic","http://www.chem.harvard.edu/research/faculty/matthew_shair"
"CCB","Shakhnovich Group","Theoretical|Physical/Chemical Physics|Chemical Biology|Biophysics","http://paradox.harvard.edu/"
"CCB","Verdine Group","Chemical Biology|Bioorganic","http://verdinelab.harvard.edu/"
"CCB","Whitesides Group","Physical/Chemical Physics|Organic|Materials|Inorganic|Energy Related","http://gmwgroup.harvard.edu/"
"CCB","Xie Group","Physical/Chemical Physics|Biophysics","http://bernstein.harvard.edu/"
"CCB","Zhuang Group","Physical/Chemical Physics|Biophysics","http://zhuang.harvard.edu/"
"MCB","Berg, Howard C.","Neurobiology|Cell Biology|Biophysics","http://www.mcb.harvard.edu/mcb/faculty/profile/howard-c-berg/"
"MCB","Branton, Daniel","Cell Biology|Biophysics","http://www.mcb.harvard.edu/mcb/faculty/profile/daniel-branton/"
"MCB","Burton, Briana","Genetics|Development|Cell Biology|Biochemistry","http://www.mcb.harvard.edu/mcb/faculty/profile/briana-burton/"
"MCB","Cluzel, Philippe","Systems Biology|Genetics|Cell Biology|Biophysics","http://www.mcb.harvard.edu/mcb/faculty/profile/philippe-cluzel/"
"MCB","D'Souza, Victoria","Structural Biology|Biophysics|Biochemistry","http://www.mcb.harvard.edu/mcb/faculty/profile/victoria-dsouza/"
"MCB","Denic, Vlad","Genetics|Cell Biology|Biophysics|Biochemistry","http://www.mcb.harvard.edu/mcb/faculty/profile/vlad-denic/"
"MCB","Dowling, John E.","Neurobiology|Genetics|Development|Biophysics","http://www.mcb.harvard.edu/mcb/faculty/profile/john-e-dowling/"
"MCB","Dulac, Catherine","Neurobiology|Genomics|Genetics|Development","http://www.mcb.harvard.edu/mcb/faculty/profile/catherine-dulac/"
"MCB","Eggan, Kevin","Cell Biology|Biochemistry|Neurobiology","http://www.mcb.harvard.edu/mcb/faculty/profile/florian-engert/"
"MCB","Engert, Florian","Cell Biology|Biochemistry","http://www.mcb.harvard.edu/mcb/faculty/profile/ray-l-erikson/"
"MCB","Erikson, Raymond L.","Gene Expression|Biochemistry","http://www.mcb.harvard.edu/mcb/faculty/profile/nicole-francis/"
"MCB","Francis, Nicole","Cell Biology|Biophysics|Biochemistry","http://www.mcb.harvard.edu/mcb/faculty/profile/ethan-garner/"
"MCB","Gaudet, Rachelle","Structural Biology|Biochemistry","http://www.mcb.harvard.edu/mcb/faculty/profile/rachelle-gaudet/"
"MCB","Gelbart, William M.","Genomics|Genetics|Development","http://www.mcb.harvard.edu/mcb/faculty/profile/william-m-gelbart/"
"MCB","Gibbs, Karine A.","Sociomicrobiology|Genetics|Cell Biology|Biochemistry","http://www.mcb.harvard.edu/mcb/faculty/profile/karine-a-gibbs/"
"MCB","Guidotti, Guido","Molecular Evolution|Gene Expression|Cell Biology|Biophysics|Biochemistry|Biochemistry","http://www.mcb.harvard.edu/mcb/faculty/profile/guido-guidotti/"
"MCB","Hastings, J. Woodland","Molecular Evolution|Gene Expression|Cell Biology|Biophysics|Biochemistry","http://www.mcb.harvard.edu/mcb/faculty/profile/j-woody-woodland-hastings/"
"MCB","Hensch, Takao","Neurobiology|Cell Biology|Biophysics","http://www.mcb.harvard.edu/mcb/faculty/profile/takao-hensch/"
"MCB","Hoekstra, Hopi","Neurobiology|Genomics|Genetics|Evolution|Development","http://www.mcb.harvard.edu/mcb/faculty/profile/hopi-hoekstra/"
"MCB","Hunter, Craig P.","Genomics|Genetics|Gene Expression|Development|Cell Biology","http://www.mcb.harvard.edu/mcb/faculty/profile/craig-p-hunter/"
"MCB","Jeruzalmi, David","Structural Biology|Biophysics|Biochemistry","http://www.mcb.harvard.edu/mcb/faculty/profile/david-jeruzalmi/"
"MCB","Kleckner, Nancy","Genetics|Biochemistry","http://www.mcb.harvard.edu/mcb/faculty/profile/nancy-kleckner/"
"MCB","Kunes, Sam","Neurobiology|Genetics|Development|Cell Biology","http://www.mcb.harvard.edu/mcb/faculty/profile/sam-kunes/"
"MCB","Leschziner, Andres","Structural Biology|Biophysics|Biochemistry","http://www.mcb.harvard.edu/mcb/faculty/profile/andres-leschziner/"
"MCB","Lichtman, Jeff","Genetics|Gene Expression|Development|Neurobiology","http://www.mcb.harvard.edu/mcb/faculty/profile/jeff-lichtman/"
"MCB","Losick, Richard M.","Genetics|Gene Expression|Development","http://www.mcb.harvard.edu/mcb/faculty/profile/richard-m-losick/"
"MCB","Mango, Susan","Genomics|Genetics|Gene Expression|Development|Cell Biology","http://www.mcb.harvard.edu/mcb/faculty/profile/susan-mango/"
"MCB","McMahon, Andrew P.","Genomics|Genetics|Development|Cell Biology","http://www.mcb.harvard.edu/mcb/faculty/profile/andrew-andy-p-mcmahon/"
"MCB","Meister, Markus","Neurobiology|Biophysics","http://www.mcb.harvard.edu/mcb/faculty/profile/markus-meister/"
"MCB","Melton, Douglas A.","Genetics|Development","http://www.mcb.harvard.edu/mcb/faculty/profile/doug-melton/"
"MCB","Meselson, Matthew S.","Molecular Evolution|Genetics|Development","http://www.mcb.harvard.edu/mcb/faculty/profile/matthew-s-meselson/"
"MCB","Murray, Andrew W.","Systems Biology|Genomics|Genetics|Evolution|Cell Biology","http://www.mcb.harvard.edu/mcb/faculty/profile/andrew-w-murray/"
"MCB","Murthy, Venkatesh N.","Neurobiology|Biophysics","http://www.mcb.harvard.edu/mcb/faculty/profile/venkatesh-n-murthy/"
"MCB","Needleman, Daniel","Systems Biology|Cell Biology|Biophysics","http://www.mcb.harvard.edu/mcb/faculty/profile/daniel-needleman/"
"MCB","Nelson, David R.","Systems Biology|Genomics|Cell Biology|Biochemistry|Biophysics","http://www.mcb.harvard.edu/mcb/faculty/profile/david-r-nelson/"
"MCB","O'Shea, Erin","Systems Biology|Genomics|Cell Biology|Biochemistry","http://www.mcb.harvard.edu/mcb/faculty/profile/erin-k-oshea/"
"MCB","Ramanathan, Sharad","Systems Biology|Neurobiology|Cell Biology|Biophysics","http://www.mcb.harvard.edu/mcb/faculty/profile/sharad-ramanathan/"
"MCB","Sanes, Josh","Drug Discovery|Biotechnology|Neurobiology","http://www.mcb.harvard.edu/mcb/faculty/profile/joshua-r-sanes/"
"MCB","Schier, Alex","Neurobiology|Genomics|Genetics|Development|Cell Biology","http://www.mcb.harvard.edu/mcb/faculty/profile/alex-f-schier/"
"MCB","Strominger, Jack L.","Structural Biology|Immunology|Biophysics|Biochemistry","http://www.mcb.harvard.edu/mcb/faculty/profile/jack-l-strominger/"
"MCB","Uchida, Naoshige","Neurobiology|Biophysics","http://www.mcb.harvard.edu/mcb/faculty/profile/nao-uchida/"
"MCB","Verdine, Gregory L.","Structural Biology|Gene Expression|Biophysics|Biochemistry","http://www.mcb.harvard.edu/mcb/faculty/profile/gregory-l-verdine/"
"SEAS","Roger W. Brockett","Applied Mathematics & Computational Science|Computer Science|Electrical Engineering","http://people.seas.harvard.edu/~brockett/brockett.html"
"SEAS","Donhee Ham","Applied Mathematics & Computational Science|Electrical Engineering|Materials & Devices","http://people.seas.harvard.edu/~donhee/"
"SEAS","Navin Khaneja","Applied Mathematics & Computational Science","http://people.seas.harvard.edu/~navin"
"SEAS","L. Mahadevan","Applied Mathematics & Computational Science|Electrical Engineering|Energy & Environmental Systems|Marriage of Biological & Artificial Systems|Materials & Devices","http://www.seas.harvard.edu/softmat/"
"SEAS","Maurice A. Smith","Applied Mathematics & Computational Science|Electrical Engineering|Marriage of Biological & Artificial Systems","http://www.seas.harvard.edu/motorlab/"
"SEAS","Tim Kaxiras","Applied Mathematics & Computational Science|Materials & Devices","http://www.seas.harvard.edu/ekaxiras"
"SEAS","Zhiming Kuang","Applied Mathematics & Computational Science|Energy & Environmental Systems","http://www.people.fas.harvard.edu/~kuang"
"SEAS","Hanspeter Pfister","Applied Mathematics & Computational Science|Computer Science","http://gvi.seas.harvard.edu/pfister%20%"
"SEAS","Donald G. M. Anderson","Applied Mathematics & Computational Science",""
"SEAS","Katia Bertoldi","Applied Mathematics & Computational Science|Materials & Devices","http://www.bertoldi.seas.harvard.edu/"
"SEAS","Bill H. Bossert","Applied Mathematics & Computational Science",""
"SEAS","Michael P. Brenner","Applied Mathematics & Computational Science|Marriage of Biological & Artificial Systems|Materials & Devices","http://www.seas.harvard.edu/brenner/Home.html"
"SEAS","Brian F. Farrell","Applied Mathematics & Computational Science|Energy & Environmental Systems","http://www.fas.harvard.edu/~epsas/people/faculty/farrell/index.html"
"SEAS","John W. Hutchinson","Applied Mathematics & Computational Science|Materials & Devices","http://seas.harvard.edu/hutchinson"
"SEAS","Paul C. Martin","Applied Mathematics & Computational Science","http://www.physics.harvard.edu/people/facpages/martin.html"
"SEAS","Radhika Nagpal","Applied Mathematics & Computational Science|Computer Science|Marriage of Biological & Artificial Systems","http://www.eecs.harvard.edu/~rad/"
"SEAS","David R. Nelson","Applied Mathematics & Computational Science|Materials & Devices","http://www.physics.harvard.edu/people/facpages/nelson.html"
"SEAS","James R. Rice","Applied Mathematics & Computational Science|Energy & Environmental Systems|Materials & Devices","http://esag.harvard.edu/rice/"
"SEAS","Zhigang Suo","Applied Mathematics & Computational Science|Materials & Devices","http://www.seas.harvard.edu/suo/"
"SEAS","Eli Tziperman","Applied Mathematics & Computational Science|Energy & Environmental Systems|Materials & Devices","http://www.seas.harvard.edu/climate/eli/"
"SEAS","Tai T. Wu","Applied Mathematics & Computational Science","http://www.physics.harvard.edu/people/facpages/wu.html"
"SEAS","Harry R. Lewis","Computer Science|Science, Technology, & Public Policy","http://www.eecs.harvard.edu/~lewis/"
"SEAS","Michael D. Mitzenmacher","Applied Mathematics & Computational Science","http://www.eecs.harvard.edu/~michaelm/"
"SEAS","David C. Parkes","Computer Science","http://www.eecs.harvard.edu/~parkes/"
"SEAS","Michael O. Rabin","Applied Mathematics & Computational Science|Computer Science",""
"SEAS","Salil P. Vadhan","Applied Mathematics & Computational Science|Computer Science","http://seas.harvard.edu/~salil"
"SEAS","Leslie Valiant","Applied Mathematics & Computational Science|Marriage of Biological & Artificial Systems","http://people.seas.harvard.edu/~valiant"
"SEAS","Ryan P. Adams","Computer Science","http://hips.seas.harvard.edu/"
"SEAS","Krzysztof Gajos","Computer Science","http://www.eecs.harvard.edu/~kgajos/"
"SEAS","Barbara J. Grosz","Computer Science","http://www.grosz.seas.harvard.edu"
"SEAS","Stuart M. Shieber","Computer Science","http://www.eecs.harvard.edu/~shieber/"
"SEAS","Yiling Chen","Computer Science","http://www.yiling.seas.harvard.edu"
"SEAS","Steven J. Gortler","Computer Science","http://www.eecs.harvard.edu/~sjg"
"SEAS","Robert D. Howe","Computer Science|Electrical Engineering|Marriage of Biological & Artificial Systems","http://biorobotics.harvard.edu/~howe"
"SEAS","Yue M. Lu","Applied Mathematics & Computational Science|Computer Science|Electrical Engineering","http://lu.seas.harvard.edu"
"SEAS","Eddie Kohler","Computer Science","http://www.read.seas.harvard.edu/~kohler/"
"SEAS","Chia Shen","Computer Science","http://scholar.harvard.edu/chiashen/home"
"SEAS","Robert J. Wood","Computer Science|Electrical Engineering|Marriage of Biological & Artificial Systems","http://micro.seas.harvard.edu/"
"SEAS","Stephen Chong","Computer Science","http://people.seas.harvard.edu/~chong/"
"SEAS","John Gregory Morrisett","Computer Science","http://www.eecs.harvard.edu/~greg/"
"SEAS","Mike D. Smith","Computer Science|Electrical Engineering","http://www.eecs.harvard.edu/~smith/"
"SEAS","David M. Brooks","Computer Science|Electrical Engineering","http://www.eecs.harvard.edu/~dbrooks/"
"SEAS","H.T. Kung","Computer Science|Electrical Engineering","http://www.eecs.harvard.edu/~htk"
"SEAS","Margo I. Seltzer","Computer Science","http://www.eecs.harvard.edu/~margo/"
"SEAS","Jonathan Zittrain","Computer Science|Science, Technology, & Public Policy","http://cyber.law.harvard.edu/people/jzittrain"
"SEAS","Michael Smith","",""
"SEAS","Gu-Yeon Wei","Electrical Engineering","http://www.msvlsi.seas.harvard.edu"
"SEAS","Woodward Yang","Electrical Engineering|Innovation and Entrepreneurship","http://vlsi.eecs.harvard.edu/"
"SEAS","Paul Horowitz","Electrical Engineering","http://seti.harvard.edu/"
"SEAS","Bob M. Westervelt","Electrical Engineering|Energy & Environmental Systems|Materials & Devices","http://meso.seas.harvard.edu/westervelt.html"
"SEAS","Conor J. Walsh","Electrical Engineering|Innovation and Entrepreneurship|Marriage of Biological & Artificial Systems|Materials & Devices",""
"SEAS","James Anderson","Energy & Environmental Systems","http://www.arp.harvard.edu"
"SEAS","Daniel J. Jacob","Energy & Environmental Systems","http://acmg.seas.harvard.edu"
"SEAS","David Keith","Energy & Environmental Systems|Science, Technology, & Public Policy","http://www.keith.seas.harvard.edu"
"SEAS","Michael B. McElroy","Energy & Environmental Systems|Science, Technology, & Public Policy","http://acmg.seas.harvard.edu/people/faculty/mbm/index.html"
"SEAS","Scot T. Martin","Energy & Environmental Systems",""
"SEAS","Loretta J. J. Mickley","Energy & Environmental Systems",""
"SEAS","Jennifer A. Logan","Energy & Environmental Systems","http://www.people.fas.harvard.edu/~logan/"
"SEAS","J. William Munger","Energy & Environmental Systems","http://www.as.harvard.edu/people/staff/jwm/"
"SEAS","Daniel P. Schrag","Energy & Environmental Systems|Science, Technology, & Public Policy","http://schraglab.unix.fas.harvard.edu/index.html"
"SEAS","Steven C. Wofsy","Energy & Environmental Systems","http://atmos.seas.harvard.edu/people/faculty/scw/"
"SEAS","Michael J. Aziz","Energy & Environmental Systems|Materials & Devices","http://seas.harvard.edu/matsci/people/aziz/aziz.html"
"SEAS","Cynthia M. Friend","Energy & Environmental Systems|Materials & Devices","http://www.seas.harvard.edu/friend/"
"SEAS","Evelyn Hu","Energy & Environmental Systems|Materials & Devices","http://hugroup.seas.harvard.edu"
"SEAS","Shriram Ramanathan","Energy & Environmental Systems|Materials & Devices","http://www.seas.harvard.edu/shriram/"
"SEAS","Peter P. Rogers","Energy & Environmental Systems|Science, Technology, & Public Policy",""
"SEAS","Chad D. Vecitis","Energy & Environmental Systems","http://environmental-technology.seas.harvard.edu/"
"SEAS","John Briscoe","Energy & Environmental Systems|Science, Technology, & Public Policy","http://www.johnbriscoe.seas.harvard.edu"
"SEAS","David A. Edwards","Innovation and Entrepreneurship|Marriage of Biological & Artificial Systems|Science, Technology, & Public Policy","http://www.davidideas.com"
"SEAS","Venky Narayanamurti","Innovation and Entrepreneurship|Materials & Devices|Science, Technology, & Public Policy","http://www.seas.harvard.edu/venky/"
"SEAS","Donald Ingber","Innovation and Entrepreneurship|Marriage of Biological & Artificial Systems|Materials & Devices","http://wyss.harvard.edu/viewpage/121/donald-e-ingber"
"SEAS","David A. Weitz","Innovation and Entrepreneurship|Marriage of Biological & Artificial Systems|Materials & Devices","http://weitzlab.seas.harvard.edu/"
"SEAS","Joanna Aizenberg","Marriage of Biological & Artificial Systems|Materials & Devices","http://www.seas.harvard.edu/aizenberg_lab"
"SEAS","Philippe Cluzel","Marriage of Biological & Artificial Systems|Materials & Devices","http://www.mcb.harvard.edu/Cluzel/"
"SEAS","David J. Mooney","Marriage of Biological & Artificial Systems|Materials & Devices","http://www.seas.harvard.edu/mooneylab"
"SEAS","Daniel J. Needleman","Marriage of Biological & Artificial Systems|Materials & Devices","http://www.needleman.seas.harvard.edu"
"SEAS","Kevin K. Parker","Marriage of Biological & Artificial Systems|Materials & Devices","http://diseasebiophysics.seas.harvard.edu"
"SEAS","Neel Joshi","Marriage of Biological & Artificial Systems|Materials & Devices","http://www.joshigroup.seas.harvard.edu/"
"SEAS","Sharad Ramanathan","Marriage of Biological & Artificial Systems|Materials & Devices","http://www.ramanathanbiophysics.seas.harvard.edu/"
"SEAS","David C. Bell","Materials & Devices","http://bell.seas.harvard.edu/"
"SEAS","Jene A. Golovchenko","Materials & Devices","http://golovchenko.physics.harvard.edu/"
"SEAS","Vinothan N. Manoharan","Materials & Devices","http://manoharan.seas.harvard.edu"
"SEAS","Federico Capasso","Materials & Devices","http://www.seas.harvard.edu/capasso/"
"SEAS","David R. Clarke","Materials & Devices","http://clarke.seas.harvard.edu/"
"SEAS","Charles M Lieber","Materials & Devices","http://cmliris.harvard.edu/"
"SEAS","Marko Loncar","Materials & Devices","http://nano-optics.seas.harvard.edu/"
"SEAS","Amir Yacoby","Materials & Devices","http://yacoby.physics.harvard.edu/HomePage.html"
"SEAS","Frans Spaepen","Materials & Devices","http://www.seas.harvard.edu/matsci/people/fspaepen/frans.html"
"SEAS","Joost J. Vlassak","Materials & Devices","http://vlassakgroup.seas.harvard.edu"
"SEAS","Kenneth B. Crozier","Materials & Devices","http://crozier.seas.harvard.edu/"
"SEAS","Lene V. Hau","Materials & Devices","http://www.seas.harvard.edu/haulab"
"SEAS","Eric Mazur","Materials & Devices|Science, Technology, & Public Policy","http://mazur.harvard.edu/"
"SEAS","Cherry A. Murray","Materials & Devices","http://www.seas.harvard.edu/administration/deans-office"
"SEAS","Peter S. Pershan","Materials & Devices","http://liquids.seas.harvard.edu/peter/welcome.html"
"SEAS","Anthony G. Oettinger","Science, Technology, & Public Policy","http://www.pirp.harvard.edu/"
"SEAS","Frederick H. Abernathy","Science, Technology, & Public Policy","http://www.hctar.org"
"SCRB","Arlotta Laboratory","Nervous System Development and Disease|Nervous System Development and Regeneration","http://www.scrb.harvard.edu/faculty/lab/41/home"
"SCRB","Camargo Laboratory","Cancer|Cardiovascular Development and Metabolic Disease|Hematopoietic Development and Disease","http://www.scrb.harvard.edu/faculty/lab/42/home"
"SCRB","Chien Laboratory","Cardiovascular Development and Metabolic Disease|Directed Differentiation|Noncoding RNA","http://www.scrb.harvard.edu/faculty/lab/47/home"
"SCRB","Cowan Laboratory","Cardiovascular Development and Metabolic Disease|Directed Differentiation","http://www.scrb.harvard.edu/faculty/lab/43/home"
"SCRB","Eggan Laboratory","Directed Differentiation|Nervous System Development and Disease|Nuclear Reprogramming","http://www.scrb.harvard.edu/faculty/lab/44/home"
"SCRB","Hochedlinger Laboratory","Nuclear Reprogramming","http://www.scrb.harvard.edu/faculty/lab/45/home"
"SCRB","Hyman Laboratory","Nervous System Development and Disease","http://www.scrb.harvard.edu/faculty/lab/46/home"
"SCRB","Macklis Laboratory","Directed Differentiation|Nervous System Development and Disease|Nervous System Development and Regeneration","http://www.scrb.harvard.edu/faculty/lab/48/home"
"SCRB","McMahon Laboratory","Kidney Development and Repair|Nervous System Development and Disease","http://www.scrb.harvard.edu/faculty/lab/49/home"
"SCRB","Meissner Laboratory","Directed Differentiation|Epigenetics|Nuclear Reprogramming","http://www.scrb.harvard.edu/faculty/lab/550/home"
"SCRB","Melton Laboratory","Directed Differentiation|Nuclear Reprogramming|Pancreas Development and Diabetes","http://www.scrb.harvard.edu/faculty/lab/50/home"
"SCRB","Musunuru Laboratory","","http://www.scrb.harvard.edu/faculty/lab/620/home"
"SCRB","Rinn Laboratory","Directed Differentiation|Noncoding RNA","http://www.scrb.harvard.edu/faculty/lab/52/home"
"SCRB","Rossi Laboratory","Aging and Stem Cells|Directed Differentiation|Hematopoietic Development and Disease","http://www.scrb.harvard.edu/faculty/lab/53/home"
"SCRB","Rubin Laboratory","Directed Differentiation|Nervous System Development and Disease","http://www.scrb.harvard.edu/faculty/lab/54/home"
"SCRB","Scadden Laboratory","Hematopoietic Development and Disease","http://www.scrb.harvard.edu/faculty/lab/55/home"
"SCRB","Strominger Laboratory","Immune Tolerance","http://www.scrb.harvard.edu/faculty/lab/56/home"
"SCRB","Verdine Laboratory","Cancer","http://www.scrb.harvard.edu/faculty/lab/646/home"
"SCRB","Wagers Laboratory","Aging and Stem Cells","http://www.scrb.harvard.edu/faculty/lab/57/home"
"SCRB","Zhou Laboratory","Nervous System Development and Regeneration|Pancreas Development and Diabetes|Reprogramming","http://www.scrb.harvard.edu/faculty/lab/58/home"
"SCRB","Zon Laboratory","Cancer|Directed Differentiation|Epigenetics|Immune Tolerance|Kidney Development and Repair","http://www.scrb.harvard.edu/faculty/lab/59/home"
"EC","Philippe Aghion","Economic theory|development|industrial organization","http://www.economics.harvard.edu/faculty/aghion"
"EC","Alberto  Alesina","Political economy|monetary and fiscal policy|macroeconomics","http://www.economics.harvard.edu/faculty/alesina"
"EC","Pol  Antrˆs","International economics","http://www.economics.harvard.edu/faculty/antras"
"EC","Susan  Athey","Microeconomic theory|industrial organization|econometrics","http://www.economics.harvard.edu/faculty/athey"
"EC","Robert Barro","Economic growth|macroeconomics","http://www.economics.harvard.edu/faculty/barro"
"EC","John Campbell","Asset pricing|macroeconomics","http://www.economics.harvard.edu/faculty/campbell"
"EC","Gary Chamberlain","Econometrics","http://www.economics.harvard.edu/faculty/chamberlin"
"EC","Eric Chaney","Economic History","http://www.economics.harvard.edu/faculty/chaney"
"EC","Raj Chetty","Public economics|applied microeconomics|macroeconomics","http://www.economics.harvard.edu/faculty/chetty"
"EC","Richard  Cooper","International economics, including both international trade and international monetary economics|international environmental and energy issues","http://www.economics.harvard.edu/faculty/cooper"
"EC","David Cutler","Public economics|health economics","http://www.economics.harvard.edu/faculty/cutler"
"EC","Melissa Dell","Development|Political Economy","http://www.economics.harvard.edu/faculty/dell"
"EC","Emmanuel Farhi","Macroeconomics","http://www.economics.harvard.edu/faculty/farhi"
"EC","Martin Feldstein","Public economics|taxation|social insurance|macroeconomics","http://www.economics.harvard.edu/faculty/feldstein"
"EC","Christopher Foote","Macroeconomics and labor economics","http://www.economics.harvard.edu/faculty/foote"
"EC","Richard Freeman","Labor economics and institutions|inequality|crime|philanthropy|European labor markets|computer simulation modeling|trade unionism","http://www.economics.harvard.edu/faculty/freeman"
"EC","Benjamin  Friedman","Macroeconomics|monetary and fiscal policy","http://www.economics.harvard.edu/faculty/friedman"
"EC","Roland Fryer","Applied theory|applied microeconomics|labor economics","http://www.economics.harvard.edu/faculty/fryer"
"EC","Drew Fudenberg","Game theory|microeconomic theory","http://www.economics.harvard.edu/faculty/fudenberg"
"EC","Edward Glaeser","Urban economics|social economics|institutions","http://www.economics.harvard.edu/faculty/glaeser"
"EC","Claudia  Goldin","Economic history|labor economics","http://www.economics.harvard.edu/faculty/goldin"
"EC","Gita Gopinath","International macroeconomics and trade","http://www.economics.harvard.edu/faculty/gopinath"
"EC","Jerry Green","Microeconomic theory","http://www.economics.harvard.edu/faculty/green"
"EC","Oliver Hart","Microeconomics","http://www.economics.harvard.edu/faculty/hart"
"EC","Elhanan  Helpman","International economics|economic growth|political economy","http://www.economics.harvard.edu/faculty/helpman"
"EC","Nathaniel Hendren","Public Economics","http://www.economics.harvard.edu/faculty/hendren"
"EC","Richard Hornbeck","Economic History and Development","http://www.economics.harvard.edu/faculty/hornbeck"
"EC","Dale Jorgenson","Econometrics","http://www.economics.harvard.edu/faculty/jorgenson"
"EC","Maximilian Kasy","Econometrics|Labor Economics|Public Finance","http://www.economics.harvard.edu/faculty/kasy"
"EC","Lawrence Katz","Labor economics|economics of social problems|applied microeconomics","http://www.economics.harvard.edu/faculty/katz"
"EC","Michael  Kremer","Development economics","http://www.economics.harvard.edu/faculty/kremer"
"EC","David  Laibson","Macroeconomics|finance|psychology and economics|experimental economics","http://www.economics.harvard.edu/faculty/laibson"
"EC","Gregory Lewis","Industrial Organization|Microeconomic Theory|Applied Econometrics","http://www.economics.harvard.edu/faculty/lewis"
"EC","N. Gregory  Mankiw","Macroeconomics","http://www.economics.harvard.edu/faculty/mankiw"
"EC","Stephen  Marglin","Theory|history|development|methodology","http://www.economics.harvard.edu/faculty/marglin"
"EC","Eric Maskin","Theory","http://www.economics.harvard.edu/faculty/maskin"
"EC","James Medoff (In Memoriam)","Labor economics","http://www.economics.harvard.edu/faculty/medoff"
"EC","Marc Melitz","International Trade and Investment","http://www.economics.harvard.edu/faculty/melitz"
"EC","Jeffrey Miron","Economics of libertarianism","http://www.economics.harvard.edu/faculty/miron"
"EC","Sendhil Mullainathan","Psychology and economics|poverty|finance","http://www.economics.harvard.edu/faculty/mullainathan"
"EC","Nathan Nunn","International trade|development economics|economic history","http://www.economics.harvard.edu/faculty/nunn"
"EC","Ariel  Pakes","Industrial organization|econometrics","http://www.economics.harvard.edu/faculty/pakes"
"EC","Amanda Pallais","Labor economics|applied microeconomics","http://www.economics.harvard.edu/faculty/pallais"
"EC","Kenneth  Rogoff","International finance","http://www.economics.harvard.edu/faculty/rogoff"
"EC","Amartya  Sen","Economics|philosophy|decision theory","http://www.economics.harvard.edu/faculty/sen"
"EC","Andrei Shleifer","Law and economics|corporate finance","http://www.economics.harvard.edu/faculty/shleifer"
"EC","Alp Simsek","Macroeconomics|Finance|Theory","http://www.economics.harvard.edu/faculty/simsek"
"EC","Jeremy Stein","Corporate finance|behavioral finance|money and banking","http://www.economics.harvard.edu/faculty/stein"
"EC","James Stock","Macroeconomic forecasting|monetary policy|the construction and use of leading and coincident economic indicators","http://www.economics.harvard.edu/faculty/stock"
"EC","Tomasz Strzalecki","Decision Theory|Microeconomic Theory","http://www.economics.harvard.edu/faculty/strzalecki"
"EC","Lawrence  Summers","Macroeconomics|international policy|finance|public economics|labor","http://www.economics.harvard.edu/faculty/summers"
"EC","Martin  Weitzman","Environmental economics|economic theory","http://www.economics.harvard.edu/faculty/weitzman"
"PHYS","Berg Lab","Experimental Biophysics","http://www.physics.harvard.edu/people/facpages/berg.html"
"PHYS","Bloembergen Lab","Experimental Condensed Matter Physics","http://www.physics.harvard.edu/people/facpages/bloembergen.html"
"PHYS","Cohen Lab","Theoretical Biophysics|Experimental Biophysics","http://www.physics.harvard.edu/people/facpages/cohen.html"
"PHYS","Demler Lab","Theoretical Atomic, Molecular, and Optical Physics|Theoretical Condensed Matter Physics","http://www.physics.harvard.edu/people/facpages/demler.html"
"PHYS","Desai Lab","Theoretical Biophysics|Experimental Biophysics","http://www.physics.harvard.edu/people/facpages/desai.html"
"PHYS","Doyle Lab","Experimental Low Temperature Physics|Theoretical Atomic, Molecular, and Optical Physics|Experimental High Energy Physics|Nuclear Physics","http://www.physics.harvard.edu/people/facpages/doyle.html"
"PHYS","Feldman Lab","Experimental High Energy Physics","http://www.physics.harvard.edu/people/facpages/feldman.html"
"PHYS","Finkbeiner Lab","Astrophysics & Astronomy","http://www.physics.harvard.edu/people/facpages/finkbeiner.html"
"PHYS","Franklin Lab","Experimental High Energy Physics","http://www.physics.harvard.edu/people/facpages/franklin.html"
"PHYS","Gabrielse Lab","Experimental Low Temperature Physics|Theoretical Atomic, Molecular, and Optical Physics|Experimental High Energy Physics","http://www.physics.harvard.edu/people/facpages/gabrielse.html"
"PHYS","Galison Lab","History of Physics","http://www.physics.harvard.edu/people/facpages/galison.html"
"PHYS","Georgi Lab","Theoretical High Energy Physics/String Theory","http://www.physics.harvard.edu/people/facpages/georgi.html"
"PHYS","Glauber Lab","Theoretical Atomic, Molecular, and Optical Physics","http://www.physics.harvard.edu/people/facpages/glauber.html"
"PHYS","Golovchenko Lab","Theoretical Atomic, Molecular, and Optical Physics|Experimental Condensed Matter Physics|Experimental Biophysics","http://www.physics.harvard.edu/people/facpages/golovchenko.html"
"PHYS","Greiner Lab","Theoretical Atomic, Molecular, and Optical Physics|Experimental Condensed Matter Physics","http://www.physics.harvard.edu/people/facpages/greiner.html"
"PHYS","Guimaraes da Costa Lab","Experimental High Energy Physics","http://www.physics.harvard.edu/people/facpages/guimaraes.html"
"PHYS","Halperin Lab","Theoretical Condensed Matter Physics","http://www.physics.harvard.edu/people/facpages/halperin.html"
"PHYS","Hau Lab","Theoretical Atomic, Molecular, and Optical Physics|Experimental Biophysics","http://www.physics.harvard.edu/people/facpages/hau.html"
"PHYS","Heller Lab","Theoretical Atomic, Molecular, and Optical Physics|Theoretical Condensed Matter Physics|Theoretical Atomic, Molecular, and Optical Physics|Computational Physics|Mathematical Physics","http://www.physics.harvard.edu/people/facpages/heller.html"
"PHYS","Hoffman Lab","Experimental Low Temperature Physics|Experimental Condensed Matter Physics","http://www.physics.harvard.edu/people/facpages/hoffman.html"
"PHYS","Holton Lab","History of Physics","http://www.physics.harvard.edu/people/facpages/holton.html"
"PHYS","Huth Lab","Experimental High Energy Physics","http://www.physics.harvard.edu/people/facpages/huth.html"
"PHYS","Jaffe Lab","Mathematical Physics|Theoretical High Energy Physics/String Theory","http://www.physics.harvard.edu/people/facpages/jaffe.html"
"PHYS","Kaxiras Lab","Theoretical Condensed Matter Physics|Computational Physics","http://www.physics.harvard.edu/people/facpages/kaxiras.html"
"PHYS","Kovac Lab","Astrophysics & Astronomy","http://www.physics.harvard.edu/people/facpages/kovac.html"
"PHYS","Levine Lab","Theoretical Biophysics|Experimental Biophysics","http://www.physics.harvard.edu/people/facpages/levine.html"
"PHYS","Lukin Lab","Theoretical Atomic, Molecular, and Optical Physics|Theoretical Atomic, Molecular, and Optical Physics","http://www.physics.harvard.edu/people/facpages/lukin.html"
"PHYS","Mahadevan Lab","Theoretical Biophysics|Environmental Modeling & Risk Analysis|Theoretical Condensed Matter Physics|Experimental Condensed Matter Physics|Experimental Biophysics","http://www.physics.harvard.edu/people/facpages/mahadevan.html"
"PHYS","Manoharan Lab","Experimental Condensed Matter Physics|Experimental Biophysics","http://www.physics.harvard.edu/people/facpages/manoharan.html"
"PHYS","Martin Lab","Theoretical Condensed Matter Physics","http://www.physics.harvard.edu/people/facpages/martin.html"
"PHYS","Mazur Lab","Experimental Condensed Matter Physics|Experimental Biophysics","http://www.physics.harvard.edu/people/facpages/mazur.html"
"PHYS","Morii Lab","Experimental High Energy Physics","http://www.physics.harvard.edu/people/facpages/morii.html"
"PHYS","Narayanamurti Lab","Experimental Condensed Matter Physics","http://www.physics.harvard.edu/people/facpages/narayanamurti.html"
"PHYS","Nelson Lab","Theoretical Condensed Matter Physics|Experimental Biophysics","http://www.physics.harvard.edu/people/facpages/nelson.html"
"PHYS","Park Lab","Theoretical Atomic, Molecular, and Optical Physics|Experimental Condensed Matter Physics|Experimental Biophysics","http://www.physics.harvard.edu/people/facpages/park.html"
"PHYS","Paul Lab","Experimental Condensed Matter Physics","http://www.physics.harvard.edu/people/facpages/paul.html"
"PHYS","Pershan Lab","Experimental Condensed Matter Physics","http://www.physics.harvard.edu/people/facpages/pershan.html"
"PHYS","Prentiss Lab","Theoretical Biophysics|Experimental Biophysics","http://www.physics.harvard.edu/people/facpages/prentiss.html"
"PHYS","Randall Lab","Theoretical High Energy Physics/String Theory","http://www.physics.harvard.edu/people/facpages/randall.html"
"PHYS","Sachdev Lab","Theoretical Atomic, Molecular, and Optical Physics|Theoretical Condensed Matter Physics|Theoretical High Energy Physics/String Theory","http://www.physics.harvard.edu/people/facpages/sachdev.html"
"PHYS","Samuel Lab","Experimental Biophysics","http://www.physics.harvard.edu/people/facpages/samuel.html"
"PHYS","Schwartz Lab","Theoretical High Energy Physics/String Theory","http://www.physics.harvard.edu/people/facpages/schwartz.html"
"PHYS","Shapiro Lab","Astrophysics & Astronomy","http://www.physics.harvard.edu/people/facpages/shapiro.html"
"PHYS","Silvera Lab","Experimental Low Temperature Physics|Experimental Condensed Matter Physics|Experimental High Pressure Physics","http://www.physics.harvard.edu/people/facpages/silvera.html"
"PHYS","Strominger Lab","Theoretical High Energy Physics/String Theory","http://www.physics.harvard.edu/people/facpages/strominger.html"
"PHYS","Stubbs Lab","Astrophysics & Astronomy","http://www.physics.harvard.edu/people/facpages/stubbs.html"
"PHYS","Vafa Lab","Theoretical High Energy Physics/String Theory","http://www.physics.harvard.edu/people/facpages/vafa.html"
"PHYS","Walsworth Lab","Experimental Low Temperature Physics|Experimental Condensed Matter Physics|Experimental Biophysics|Theoretical Atomic, Molecular, and Optical Physics|Astrophysics & Astronomy","http://www.physics.harvard.edu/people/facpages/walsworth.html"
"PHYS","Weitz Lab","Experimental Condensed Matter Physics|Experimental Biophysics","http://www.physics.harvard.edu/people/facpages/weitz.html"
"PHYS","Westervelt Lab","Experimental Low Temperature Physics|Experimental Condensed Matter Physics|Experimental Biophysics","http://www.physics.harvard.edu/people/facpages/westervelt.html"
"PHYS","Wilson Lab","Environmental Modeling & Risk Analysis|Experimental High Energy Physics|Nuclear Physics","http://www.physics.harvard.edu/people/facpages/wilson.html"
"PHYS","Wu Lab","Theoretical High Energy Physics/String Theory","http://www.physics.harvard.edu/people/facpages/wu.html"
"PHYS","Yacoby  Lab","Experimental Low Temperature Physics|Experimental Condensed Matter Physics","http://www.physics.harvard.edu/people/facpages/yacoby.html"
"PHYS","Yelin Lab","Theoretical Atomic, Molecular, and Optical Physics","http://www.physics.harvard.edu/people/facpages/yelin.html"
"PHYS","Yin Lab","Theoretical High Energy Physics/String Theory","http://www.physics.harvard.edu/people/facpages/yin.html"
"PHYS","Zhuang Lab","Experimental Biophysics","http://www.physics.harvard.edu/people/facpages/zhuang.html"
